aocr:regionType,dwc:catalogNumber,dwc:recordedBy,dwc:recordNumber,dwc:verbatimEventDate,aocr:verbatimScientificName,aocr:verbatimInstitution,dwc:datasetName,dwc:verbatimLocality,dwc:country,dwc:stateProvince,dwc:county,dwc:verbatimLatitude,dwc:verbatimLongitude,dwc:eventDate,dwc:scientificName,dwc:decimalLatitude,dwc:decimalLongitude,dwc:fieldNotes,dwc:sex,dwc:identifiedBy,aocr:verbatimDateIdentified,dwc:dateIdentified
curatorial,,,,,,The New York Botanical Garden,,,,,,,,,,,,,,,,,
barcode,00819627,,,,,NEW YORK BOTANICAL GARDEN,,,,,,,,,,,,,,,,,
determination,,,,,J. suffruticosa L. var. pubescens (L.),,REVISION OF JUSSIAEA,,,,,,,,Jussiaea suffruticosa L. var. pubescens (L.),,,,,Philip A. Munz,1939,1939
primary,,N. L BRITTON F. S. EARLE,6485,"March 11, 1922",Jussiaea angustifolia Lam.,THE NEW YORK BOTANICAL GARDEN,EXPLORATION OF PORTO RICO,Vicinity of Aguirre Mangrove Swamp.,PORTO RICO,,,,,1922-03-11,Jussiaea angustifolia Lam.,,,,,,,,
determination,,,,,Ludwigia octovalavis (Jacq.) Raven,Missouri Botanical Garden,,,,,,,,,Ludwigia octovalavis (Jacq.) Raven,,,,,T.P.  Ramamoorthy,1980,1980
