aocr:regionType,dwc:catalogNumber,dwc:recordedBy,dwc:recordNumber,dwc:verbatimEventDate,aocr:verbatimScientificName,aocr:verbatimInstitution,dwc:datasetName,dwc:verbatimLocality,dwc:country,dwc:stateProvince,dwc:county,dwc:verbatimLatitude,dwc:verbatimLongitude,dwc:eventDate,dwc:scientificName,dwc:decimalLatitude,dwc:decimalLongitude,dwc:fieldNotes,dwc:sex,dwc:identifiedBy,aocr:verbatimDateIdentified,dwc:dateIdentified
curatorial,,,,,,The New York Botanical Garden,,,,,,,,,,,,,,,,
barcode,01498103,,,,,NEW YORK BOTANICAL GARDEN,,,,,,,,,,,,,,,,
determination,,,,,Mitreola petiolata (J.F. Gmel.) Torr. & Gray,Herbarium Vadense (WAG),,,,,,,,,,,,,,A.J.M. Leeuwenberg,1974,1974
primary,,N.L. BRITTON PERCY WILSON BROTHER LEON,15254,"MARCH 8, 1916",Cynoctonum mitreola (L.) Britton,THE NEW YORK BOTANICAL GARDEN,EXPLORATION OF CUBA,"ISLE OF PINES CALET COCODRILOS",CUBA,,,,,1916-03-08,Cynoctonum mitreola (L.) Britton,,,Edge of water hole,,,,
