aocr:regionType,dwc:catalogNumber,dwc:recordedBy,dwc:recordNumber,dwc:verbatimEventDate,aocr:verbatimScientificName,aocr:verbatimInstitution,dwc:datasetName,dwc:verbatimLocality,dwc:country,dwc:stateProvince,dwc:county,dwc:verbatimLatitude,dwc:verbatimLongitude,dwc:eventDate,dwc:scientificName,dwc:decimalLatitude,dwc:decimalLongitude,dwc:fieldNotes,dwc:sex,dwc:identifiedBy,aocr:verbatimDateIdentified,dwc:dateIdentified
curatorial,,,,,,The New York Botanical Garden,,,,,,,,,,,,,,,,,
barcode,01498166,,,,,NEW YORK BOTANICAL GARDEN,,,,,,,,,,,,,,,,,
determination,,,,,Spigelia anthelmia L.,,,,,,,,,,Spigelia anthelmia L.,,,,,F.J. FERN�NDEZ CASAS,31-V-2001,2001-05-31
primary,,Sue A. Thompson and John E. Rawlins,8670,24 June 1991,Spigelia anthelmia L.,"HERBARIUM CARNEGIE MUSEUM (CM), PITTSBURGH, PA.",PLANTS OF ST. LUCIA,"ST. LUCIA: Anse La Raye: 1 km SSW of Anse La Raye: Anse Galet valley. 13-56N, 61-03W. Alt. 50 m. River valley.",ST. LUCIA,,,13-56N,61-03W,1991-06-24,Spigelia anthelmia L.,,,Fruits green.,,,,
