aocr:regionType,dwc:catalogNumber,dwc:recordedBy,dwc:recordNumber,dwc:verbatimEventDate,aocr:verbatimScientificName,aocr:verbatimInstitution,dwc:datasetName,dwc:verbatimLocality,dwc:country,dwc:stateProvince,dwc:county,dwc:verbatimLatitude,dwc:verbatimLongitude,dwc:eventDate,dwc:scientificName,dwc:decimalLatitude,dwc:decimalLongitude,dwc:fieldNotes,dwc:sex,dwc:identifiedBy,aocr:verbatimDateIdentified,dwc:dateIdentified
curatorial,,,,,,The New York Botanical Garden,,,,,,,,,,,,,,,,
barcode,01498198,,,,,NEW YORK BOTANICAL GARDEN,,,,,,,,,,,,,,,,
determination,,,,,Spigelia anthelmia L.,,,,,,,,,,Spigelia anthelmia L.,,,,,F.J. FERN�NDEZ CASAS,26-V-2001,2001-05-26
primary,,"Walter H. Lewis",7469,27 Dec. 1969,Spigelia anthelmia L.,MISSOURI BOTANICAL GARDEN HERBARIUM,PLANTS OF THE BAHAMA ISLANDS,"ELEUTHERA: The Current. vicinity of the village and beach, primarily sand and coral.",BAHAMA ISLANDS,,,,,1969-12-27,Spigelia anthelmia L.,,,primarily sand and coral.,,,,
