aocr:regionType,dwc:catalogNumber,dwc:recordedBy,dwc:recordNumber,dwc:verbatimEventDate,aocr:verbatimScientificName,aocr:verbatimInstitution,dwc:datasetName,dwc:verbatimLocality,dwc:country,dwc:stateProvince,dwc:county,dwc:verbatimLatitude,dwc:verbatimLongitude,dwc:eventDate,dwc:scientificName,dwc:decimalLatitude,dwc:decimalLongitude,dwc:fieldNotes,dwc:sex,dwc:identifiedBy,aocr:verbatimDateIdentified,dwc:dateIdentified
curatorial,,,,,,The New York Botanical Garden,,,,,,,,,,,,,,,,
barcode,01334450,,,,,NEW YORK BOTANICAL GARDEN,,,,,,,,,,,,,,,,
determination,,,,,Capraria biflora L.,"The University of Texas Herbarium (LL, TEX)",,,,,,,,,Capraria biflora L.,,,,,J. Williams & B.L. Turner,30 Jul 1996,1996-07-30
primary,,R.A.Howard,6581,Aug. 1941,Capraria biflora L.,,PLANTS OF CUBA,Dolores pasture. Vicinity of Soledad,CUBA,,,,,1941-08,Capraria biflora L.,,,Herb in wet ditches.,,,,
