aocr:regionType,dwc:catalogNumber,dwc:recordedBy,dwc:recordNumber,dwc:verbatimEventDate,aocr:verbatimScientificName,aocr:verbatimInstitution,dwc:datasetName,dwc:verbatimLocality,dwc:country,dwc:stateProvince,dwc:county,dwc:verbatimLatitude,dwc:verbatimLongitude,dwc:eventDate,dwc:scientificName,dwc:decimalLatitude,dwc:decimalLongitude,dwc:fieldNotes,dwc:sex,dwc:identifiedBy,aocr:verbatimDateIdentified,dwc:dateIdentified
curatorial,,,,,,The New York Botanical Garden,,,,,,,,,,,,,,,,
barcode,01334328,,,,,NEW YORK BOTANICAL GARDEN,,,,,,,,,,,,,,,,
determination,,,,,B. longifolia Kunth,,,,,,,,,,Buchnera longifolia Kunth,,,,,KAV,1988,1988
primary,,L. M. ANDREWS,764,"Feb.13, 1970",Buchnera elongata SW,,,"Mason River Station, Institute of Jamaica Jamaica W.I. C.2200 Ft. Alt. ",Jamaica,,,,,1970-02-13,Buchnera elongata Sw.,,,Among tall grass and bushes,,,,
