aocr:regionType,dwc:catalogNumber,dwc:recordedBy,dwc:recordNumber,dwc:verbatimEventDate,aocr:verbatimScientificName,aocr:verbatimInstitution,dwc:datasetName,dwc:verbatimLocality,dwc:country,dwc:stateProvince,dwc:county,dwc:verbatimLatitude,dwc:verbatimLongitude,dwc:eventDate,dwc:scientificName,dwc:decimalLatitude,dwc:decimalLongitude,dwc:fieldNotes,dwc:sex,dwc:identifiedBy,aocr:verbatimDateIdentified,dwc:dateIdentified
curatorial,,,,,,The New York Botanical Garden,,,,,,,,,,,,,,,,
curatorial,,,,,,SMITHSONIAN INSTITUTION From THE UNITED STATES NATIONAL HERBARIUM,,,,,,,,,,,,,,,,
barcode,00198990,,,,,NEW YORK BOTANICAL GARDEN,,,,,,,,,,,,,,,,
primary,,"Elbert L. Little, Jr., and Roy O. Woodbury",26168,"March 27, 1972",Polyscias guilfoylei (Bull) Bailey,FOREST SERVICE HERBARIUM,,"Univ. Puerto Rico Agr. Exp. Sta., Rio Piedras, Puerto Rico. Altitude 50 ft.",Puerto Rico,Rio Piedras,,,,1972-03-27,Polyscias guilfoylei (Bull) Bailey,,,"(Araliaceae) gallego Shrub or small tree. Bark gray, smooth, slightly warty. Planted as ornamental.",,,,
