aocr:regionType,dwc:catalogNumber,dwc:recordedBy,dwc:recordNumber,dwc:verbatimEventDate,aocr:verbatimScientificName,aocr:verbatimInstitution,dwc:datasetName,dwc:verbatimLocality,dwc:country,dwc:stateProvince,dwc:county,dwc:verbatimLatitude,dwc:verbatimLongitude,dwc:eventDate,dwc:scientificName,dwc:decimalLatitude,dwc:decimalLongitude,dwc:fieldNotes,dwc:sex,dwc:identifiedBy,aocr:verbatimDateIdentified,dwc:dateIdentified
curatorial,,,,,,The New York Botanical Garden,,,,,,,,,,,,,,,,
barcode,01498191,,,,,NEW YORK BOTANICAL GARDEN,,,,,,,,,,,,,,,,
determination,,,,,Spigelia anthelmia L.,,,,,,,,,,Spigelia anthelmia L.,,,,,F.J. FERN�NDEZ CASAS,30-V-2001,2001-05-30
primary,,D.S.Correll & G.R. Proctor,48780,"June 6, 1977",Spigelia anthelmia L.,HERBARIUM FAIRCHILD TROPICAL GARDEN,PLANTS OF BAHAMA ISLANDS,Crooked Island: in sandy soil near beach area at Landrail Landing.,BAHAMA ISLANDS,,,,,6/6/1977,Spigelia anthelmia L.,,,in sandy soil near beach area Flowers pinkish-lavender.,,,,
