aocr:regionType,dwc:catalogNumber,dwc:recordedBy,dwc:recordNumber,dwc:verbatimEventDate,aocr:verbatimScientificName,aocr:verbatimInstitution,dwc:datasetName,dwc:verbatimLocality,dwc:country,dwc:stateProvince,dwc:county,dwc:verbatimLatitude,dwc:verbatimLongitude,dwc:eventDate,dwc:scientificName,dwc:decimalLatitude,dwc:decimalLongitude,dwc:fieldNotes,dwc:sex,dwc:identifiedBy,aocr:verbatimDateIdentified,dwc:dateIdentified
curatorial,,,,,,The New York Botanical Garden,,,,,,,,,,,,,,,,
barcode,01334442,,,,,NEW YORK BOTANICAL GARDEN,,,,,,,,,,,,,,,,
determination,,,,,Capraria biflora L.,"University of Texas Herbarium (LL, TEX)",,,,,,,,,Capraria biflora L.,,,,,J. Williams & B.L. Turner,30 Jul 1996,1996-07-30
primary,,D. Burch,2404,25 April 1970,Capraria biflora L.,,PLANTS OF THE DOMINICAN REPUBLIC,"Rocky slopes of serpentine limestone hill, coast road ca 35 km E of junction with Puerto Plata--Santiago road, Province of Puerto Plata",DOMINICAN REPUBLIC,Province of Puerto Plata,,,,1970-04-25,Capraria biflora L.,,,,,G. Fleming & P. Genelle,,
