aocr:regionType,dwc:catalogNumber,dwc:recordedBy,dwc:recordNumber,dwc:verbatimEventDate,aocr:verbatimScientificName,aocr:verbatimInstitution,dwc:datasetName,dwc:verbatimLocality,dwc:country,dwc:stateProvince,dwc:county,dwc:verbatimLatitude,dwc:verbatimLongitude,dwc:eventDate,dwc:scientificName,dwc:decimalLatitude,dwc:decimalLongitude,dwc:fieldNotes,dwc:sex,dwc:identifiedBy,aocr:verbatimDateIdentified,dwc:dateIdentified
curatorial,,,,,,The New York Botanical Garden,,,,,,,,,,,,,,,,
barcode,01498119,,,,,NEW YORK BOTANICAL GARDEN,,,,,,,,,,,,,,,,
determination,,,,,Mitreola petiolata (J.F. Gmel.) Torr. & Gray,Herbarium Vadense (WAG),,,,,,,,,Mitreola petiolata (J.F. Gmel.) Torr. & A. Gray,,,,,A.J.M. Leeuwenberg,1974,1974
primary,,Bro. Alain ,1525,"Aug. 23, 1950",Cynoctonum mitreola (L.)Britt.,HERBARIO DEL COLEGIO DE LA SALLE VEDADO-HABANA,,"La Palma river, near Sancti Spir�tus, Las Villas.",,,,,,1950-08-23,Cynoctonum mitreola (L.) Britton,,,,,,,
