aocr:regionType,dwc:catalogNumber,dwc:recordedBy,dwc:recordNumber,dwc:verbatimEventDate,aocr:verbatimScientificName,aocr:verbatimInstitution,dwc:datasetName,dwc:verbatimLocality,dwc:country,dwc:stateProvince,dwc:county,dwc:verbatimLatitude,dwc:verbatimLongitude,dwc:eventDate,dwc:scientificName,dwc:decimalLatitude,dwc:decimalLongitude,dwc:fieldNotes,dwc:sex,dwc:identifiedBy,dwc:dateIdentified,dwc:habitat,dwc:verbatimElevation
curatorial,,,,,,The New York Botanical Garden,,,,,,,,,,,,,,,,,
barcode,01498025,,,,,NEW YORK BOTANICAL GARDEN,,,,,,,,,,,,,,,,,
determination,,,,,Linociera ligustrina Sw.,,,,,,,,,,,,,,, C&M.,1939,,
determination,,,,,Mayepea ligustrina (Sw.)Kuntze,,,,,,,,,,,,,,,,,,
determination,,,,,,,,,,,,,,,,,,,,P.W.,,,
primary,,C. WRIGHT,409,1860-1864.,"Haenianthus salicifolius, Griseb",,Plantae Cubenses Wrightianae.,,,,,,,1860/1864,,,,,,,,,
