aocr:regionType,dwc:catalogNumber,dwc:recordedBy,dwc:recordNumber,dwc:verbatimEventDate,aocr:verbatimScientificName,aocr:verbatimInstitution,dwc:datasetName,dwc:verbatimLocality,dwc:country,dwc:stateProvince,dwc:county,dwc:verbatimLatitude,dwc:verbatimLongitude,dwc:eventDate,dwc:scientificName,dwc:decimalLatitude,dwc:decimalLongitude,dwc:fieldNotes,dwc:sex,dwc:identifiedBy,aocr:verbatimDateIdentified,dwc:dateIdentified
curatorial,,,,,,The New York Botanical Garden,,,,,,,,,,,,,,,,
barcode,00198993,,,,,NEW YORK BOTANICAL GARDEN,,,,,,,,,,,,,,,,
determination,,,,,Nothopanax tricochleatum Miq.,,,,,,,,,,Nothopanax tricochleatum Miq.,,,,,A. C. Smith,1936,1936
primary,,J.G. Jack,8179,"March 12, 1931",Polyscias obtusa Harms,ARNOLD ARBORETUM,PLANTS FROM HARVARD TROPICAL GARDEN,"SOLEDAD, CIENFUEGOS, PROVINCE OF SANTA CLARA, CUBA",CUBA,PROVINCE OF SANTA CLARA,,,,1931-03-12,Polyscias obtusa Harms,,,Many stems 2-4 ft. high.,,,,
