aocr:regionType,dwc:catalogNumber,dwc:recordedBy,dwc:recordNumber,dwc:verbatimEventDate,aocr:verbatimScientificName,aocr:verbatimInstitution,dwc:datasetName,dwc:verbatimLocality,dwc:country,dwc:stateProvince,dwc:county,dwc:verbatimLatitude,dwc:verbatimLongitude,dwc:eventDate,dwc:scientificName,dwc:decimalLatitude,dwc:decimalLongitude,dwc:fieldNotes,dwc:sex,dwc:identifiedBy,aocr:verbatimDateIdentified,dwc:dateIdentified
curatorial,,,,,,The New York Botanical Garden,,,,,,,,,,,,,,,,
barcode,00819657,,,,,NEW YORK BOTANICAL GARDEN,,,,,,,,,,,,,,,,
determination,,,,,Ludwigia palustris (L.) Ell.,,,,,,,,,,Ludwigia palustris (L.) Ell.,,,,,P. H. Raven & C. L. Schmidt,1966-67,1966/1967
determination,,,,,var. americana Fern. & Griscom,,,,,,,,,,,,,,,Palm,1942,1942
primary,,N. L. BRITTON E. G. BRITTON MARGARET S. BROWN,6702,"MARCH 20-22, 1922",Isnardia palustris L,THE NEW YORK BOTANICAL GARDEN,EXPLORATION OF PORTO RICO,VICINITY OF DORADO Clearing in wet coastal woods,PORTO RICO,,,,,1922-03-20/1922-03-22,Isnardia palustris L,,,,,,,
determination,,,,,Ludwigia palustris (L.) Ell.,Missouri Botanical Garden,,,,,,,,,Ludwigia palustris (L.) Ell.,,,,,Ching-I Peng,1981,1981
