aocr:regionType,dwc:catalogNumber,dwc:recordedBy,dwc:recordNumber,dwc:verbatimEventDate,aocr:verbatimScientificName,aocr:verbatimInstitution,dwc:datasetName,dwc:verbatimLocality,dwc:country,dwc:stateProvince,dwc:county,dwc:verbatimLatitude,dwc:verbatimLongitude,dwc:eventDate,dwc:scientificName,dwc:decimalLatitude,dwc:decimalLongitude,dwc:fieldNotes,dwc:sex,dwc:identifiedBy,aocr:verbatimDateIdentified,dwc:dateIdentified
curatorial,,,,,,The New York Botanical Garden,,,,,,,,,,,,,,,,
barcode,00499577,,,,,NEW YORK BOTANICAL GARDEN,,,,,,,,,,,,,,,,
determination,,,,,Lindernia diffusa (L.) Wettst.,"University of North Carolina,Chapel Hill",REVISIONARY STUDIES IN LINDERNIA ALLIONI,,,,,,,,,,,,,D. A. Qualls,15 June 1984,1984-06-15
primary,,Bro. Alain H. Liogier,17948,"13 M4r., 1971",Lindernia diffusa (L.) Wettst.,THE NEW YORK BOTANICAL GARDEN,Plants of Hispaniola Dominican Republic,"near Sabana de la Mar. Alt. 50 m.",Dominican Republic,,,,,1971-03-13,Lindernia diffusa (L.) Wettst.,,,"Herbaceous, creeping on the ground; flowers white; common in cultivated grounds",,A. H. Liogier,1971,1971
