aocr:regionType,dwc:catalogNumber,dwc:recordedBy,dwc:recordNumber,dwc:verbatimEventDate,aocr:verbatimScientificName,aocr:verbatimInstitution,dwc:datasetName,dwc:verbatimLocality,dwc:country,dwc:stateProvince,dwc:county,dwc:verbatimLatitude,dwc:verbatimLongitude,dwc:eventDate,dwc:scientificName,dwc:decimalLatitude,dwc:decimalLongitude,dwc:fieldNotes,dwc:sex,dwc:identifiedBy,aocr:verbatimDateIdentified,dwc:dateIdentified
curatorial,,,,,,The New York Botanical Garden,,,,,,,,,,,,,,,,
barcode,00198980,,,,,NEW YORK BOTANICAL GARDEN,,,,,,,,,,,,,,,,
determination,,,,,Nothopanax fruticosum (L.) Miq.,,,,,,,,,,Nothopanax fruticosum (L.) Miq.,,,,,A. C. Smith,1936,1936
primary,,E. G. BRITTON DELIA W. MARBLE,,"FEBRUARY 27, 1913",Polyscias filicifolia (Moore) Bailey,NEW YORK BOTANICAL GARDEN CARNEGIE INSTITUTION OF WASHINGTON UNITED STATES NATIONAL MUSEUM,WEST INDIAN EXPLORATION 1913,ST. THOMAS Charlotte Amelie,ST. THOMAS,,,,,1913-02-27,Polyscias filicifolia (Moore) Bailey,,,Cultivated,,,,
