aocr:regionType,dwc:catalogNumber,dwc:recordedBy,dwc:recordNumber,dwc:verbatimEventDate,aocr:verbatimScientificName,aocr:verbatimInstitution,dwc:datasetName,dwc:verbatimLocality,dwc:country,dwc:stateProvince,dwc:county,dwc:verbatimLatitude,dwc:verbatimLongitude,dwc:eventDate,dwc:scientificName,dwc:decimalLatitude,dwc:decimalLongitude,dwc:fieldNotes,dwc:sex,dwc:identifiedBy,dwc:dateIdentified,dwc:habitat,dwc:verbatimElevation
curatorial,,,,,,The New York Botanical Garden,,,,,,,,,,,,,,,,,
barcode,01498087,,,,,NEW YORK BOTANICAL GARDEN,,,,,,,,,,,,,,,,,
determination,,,,,Mitreola petiolata (J. F. Gmel.) Torr. & Gray,Herbarium Vadense (WAG),,,,,,,,,,,,,,A.J.M. Leeuwenberg,1974,,
primary,,E.C.LEONARD,4194,"May 5-13, 1920","Cynoctonum mitreola(L.)Britton
=Mitreola petiolata Torr & Gray","SMITHSONIAN INSTITUTION
FROM THE UNITED STATES NATIONAL HERBARIUM","PLANTS OF HAITI
BIOLOGICAL EXPLORATION CONDUCTED BY DR. W. L. ABBOTT","Vicinity of Fond Parisien, Etang Saumatre",HAITI,,,,,1920-05-05/13,,,,,,,,,
