aocr:regionType,dwc:catalogNumber,dwc:recordedBy,dwc:recordNumber,dwc:verbatimEventDate,aocr:verbatimScientificName,aocr:verbatimInstitution,dwc:datasetName,dwc:verbatimLocality,dwc:country,dwc:stateProvince,dwc:county,dwc:verbatimLatitude,dwc:verbatimLongitude,dwc:eventDate,dwc:scientificName,dwc:decimalLatitude,dwc:decimalLongitude,dwc:fieldNotes,dwc:sex,dwc:identifiedBy,aocr:verbatimDateIdentified,dwc:dateIdentified
curatorial,,,,,,The New York Botanical Garden,,,,,,,,,,,,,,,,
barcode,01334543,,,,,NEW YORK BOTANICAL GARDEN,,,,,,,,,,,,,,,,
primary,,N. L. BRITTON,835,"SEPTEMBER 25, 1906",Vandellia diffusa L,THE NEW YORK BOTANICAL GARDEN,EXPLORATION OF JAMAICA,"Constant Spring to Annatto Bay. Lawn, Castleton Garden",JAMAICA,,,,,1906-09-25,Vandellia diffusa L.,,,Lawn,,,,
determination,,,,,Lindernia diffusa (L.) Wettst.,"University of North Carolina, Chapel Hill",REVISIONARY STUDIES IN LINDERNIA ALLIONI,,,,,,,,,,,,,D. A. Qualls,15 June 1984,1984-06-15
