"aocr:regionType","dwc:catalogNumber","dwc:recordedBy","dwc:identifiedby","dwc:dateIdentified","dwc:recordNumber","dwc:verbatimEventDate","aocr:verbatimScientificName","aocr:verbatimInstitution","dwc:datasetName","dwc:verbatimLocality","dwc:country","dwc:verbatimElevation","dwc:stateProvince","dwc:county","dwc:municipality","dwc:verbatimLatitude","dwc:verbatimLongitude","dwc:eventDate","dwc:scientificName","dwc:decimalLatitude","dwc:decimalLongitude","dwc:fieldNotes","dwc:sex","dwc:habitat"
"curatorial",,,,,,,,,,,,,,,,,,,,,,,,
"barcode","01497997",,,,,,,"NEW YORK BOTANICAL GARDEN",,,,,,,,,,,,,,,,
"determination",,,"C + M",1939,,,"Linociera domingensis (Lam.) Knobl.",,,,,,,,,,,,,,,,,
"primary",,"J. A. SHAFER",,,3498,"January 10, 1910","Mayepea domingensis (Lam) Krug & Urban","THE NEW YORK BOTANICAL GARDEN","EXPLORATION OF CUBA","SIERRA NIPE, NEAR WOODFRED, ORIENTE
DECIDUOUS WOODS AND THICKETS, 450-550 METERS ALTITUDE","CUBA","450-550 METERS ALTITUDE","ORIENTE",,,,,"1910-01-10","Mayepea domingensis (Lam) Krug & Urban",,,"DECIDUOUS WOODS AND THICKETS",,"moist woods"
,,,,,,,,,,,,,,,,,,,,,,,,
,,,,,,,,,,,,,,,,,,,,,,,,
,,,,,,,,,,,,,,,,,,,,,,,,
,,,,,,,,,,,,,,,,,,,,,,,,
,,,,,,,,,,,,,,,,,,,,,,,,
,,,,,,,,,,,,,,,,,,,,,,,,
,,,,,,,,,,,,,,,,,,,,,,,,
,,,,,,,,,,,,,,,,,,,,,,,,
,,,,,,,,,,,,,,,,,,,,,,,,
,,,,,,,,,,,,,,,,,,,,,,,,
,,,,,,,,,,,,,,,,,,,,,,,,
,,,,,,,,,,,,,,,,,,,,,,,,
,,,,,,,,,,,,,,,,,,,,,,,,
"     ",,,,,,,,,,,,,,,,,,,,,,,,
,,,,,,,,,,,,,,,,,,,,,,,,
,,,,,,,,,,,,,,,,,,,,,,,,
,,,,,,,,,,,,,,,,,,,,,,,,
,,,,,,,,,,,,,,,,,,,,,,,,
,,,,,,,,,,,,,,,,,,,,,,,,
,,,,,,,,,,,,,,,,,,,,,,,,
,,,,,,,,,,,,,,,,,,,,,,,,
,,,,,,,,,,,,,,,,,,,,,,,,
,,,,,,,,,,,,,,,,,,,,,,,,
"     ",,,,,,,,,,,,,,,,,,,,,,,,
