aocr:regionType,dwc:catalogNumber,dwc:recordedBy,dwc:recordNumber,dwc:verbatimEventDate,aocr:verbatimScientificName,aocr:verbatimInstitution,dwc:datasetName,dwc:verbatimLocality,dwc:country,dwc:stateProvince,dwc:county,dwc:verbatimLatitude,dwc:verbatimLongitude,dwc:eventDate,dwc:scientificName,dwc:decimalLatitude,dwc:decimalLongitude,dwc:fieldNotes,dwc:sex,dwc:identifiedBy,aocr:verbatimDateIdentified,dwc:dateIdentified
curatorial,,,,,,The New York Botanical Garden,,,,,,,,,,,,,,,,
barcode,01334523,,,,,NEW YORK BOTANICAL GARDEN,,,,,,,,,,,,,,,,
determination,,,,,Lindernia diffusa (L.) Wettst.,"University of North Carolina,Chapel Hill",REVISIONARY STUDIES IN LINDERNIA ALLIONI,,,,,,,,Lindernia diffusa (L.) Wettst.,,,,,D. A. Qualls,15 June 1984,1984-06-15
primary,,Bro. B.A. Lavastre,2332,"Nov. 5, 1966",Lindernia diffusa (L. ) Wettst.,HERBARIUM OF THE NEW YORK BOTANICAL GARDEN,PLANTS OF DOMINICAN REPUBLIC,V illa Mella.,DOMINICAN REPUBLIC,,,,,1966-11-05,Lindernia diffusa (L.) Wettst.,,,"Trailing herb, flowers white. In pasture",,,,
