"aocr:regionType","dwc:catalogNumber","dwc:recordedBy","dwc:recordNumber","dwc:verbatimEventDate","aocr:verbatimScientificName","aocr:verbatimInstitution","dwc:datasetName","dwc:verbatimLocality","dwc:country","dwc:stateProvince","dwc:county","dwc:verbatimLatitude","dwc:verbatimLongitude","dwc:eventDate","dwc:scientificName","dwc:decimalLatitude","dwc:decimalLongitude","dwc:fieldNotes","dwc:sex","dwc:identifiedBy","dwc:dateIdentified","dwc:habitat","dwc:verbatimElevation"
"curatorial",,,,,,"The New York Botanical Garden",,,,,,,,,,,,,,,,,
"barcode","01498098",,,,,"NEW YORK BOTANICAL GARDEN",,,,,,,,,,,,,,,,,
"determination",,,,,"Mitreola petiolata (J.F. Gmel.) Torr. & Gray","Herbarium Vadense (WAG)",,,,,,,,,,,,,,"A. J. M. Leeuwenberg",1974,,
"primary",,"N.L. BRITTON J.F. COWELL CARLOS DE LA TORRE",13350,"April 12, 1912","Cynoctonum mitreola (L.) Britton","THE NEW YORK BOTANICAL GARDEN","EXPLORATION OF CUBA","PROVINCE OF HAVANA
WET COASTAL SAVANNA, BATABANO","CUBA","HAVANA",,,,"1912-04-12",,,,"Corolla white",,,,"Muddy soil",
