aocr:regionType,dwc:catalogNumber,dwc:recordedBy,dwc:recordNumber,dwc:verbatimEventDate,aocr:verbatimScientificName,aocr:verbatimInstitution,dwc:datasetName,dwc:verbatimLocality,dwc:country,dwc:stateProvince,dwc:county,dwc:verbatimLatitude,dwc:verbatimLongitude,dwc:eventDate,dwc:scientificName,dwc:decimalLatitude,dwc:decimalLongitude,dwc:fieldNotes,dwc:sex,dwc:identifiedBy,aocr:verbatimDateIdentified,dwc:dateIdentified
curatorial,,,,,,The New York Botanical Garden,,,,,,,,,,,,,,,,
barcode,01498168,,,,,NEW YORK BOTANICAL GARDEN,,,,,,,,,,,,,,,,
determination,,,,31-V-2001,Spigelia anthemlia L.,,,,,,,,,,Spigelia anthemlia L.,,,,,F.J. FERN�NDEZ DASAS,31-V-2001,2001-05-31
primary,,D. S. Correll,42069,"April 16, 1974",Spigelia anthelmia L.,Herbarium FAIRCHILD TROPICAL GARDEN,PLANTS OF BAHAMA ISLANDS,South Bimini: in disturbed soil near ferry landing at Yacht Club.,BAHAMA ISLANDS,,,,,1974-04-16,Spigelia anthelmia L.,,,Flowers lavender. in disturbed soil,,,,
