aocr:regionType,dwc:catalogNumber,dwc:recordedBy,dwc:recordNumber,dwc:verbatimEventDate,aocr:verbatimScientificName,aocr:verbatimInstitution,dwc:datasetName,dwc:verbatimLocality,dwc:country,dwc:stateProvince,dwc:county,dwc:verbatimLatitude,dwc:verbatimLongitude,dwc:eventDate,dwc:scientificName,dwc:decimalLatitude,dwc:decimalLongitude,dwc:fieldNotes,dwc:sex,dwc:identifiedBy,aocr:verbatimDateIdentified,dwc:dateIdentified
curatorial,,,,,,The New York Botanical Garden,,,,,,,,,,,,,,,,
curatorial,,,,,,"PRESENTED BY JOHN J. CROOKE, Esq. 1899.",,,,,,,,,,,,,,,,
barcode,01498139,,,,,NEW YORK BOTANICAL GARDEN,,,,,,,,,,,,,,,,
primary,,C. WRIGHT,3633,,Polypremum procumbens L.,,Plantae Cubenses Wrightianae.,,,,,,,,Polypremum procumbens L.,,,,,,,
