aocr:regionType,dwc:catalogNumber,dwc:recordedBy,dwc:recordNumber,dwc:verbatimEventDate,aocr:verbatimScientificName,aocr:verbatimInstitution,dwc:datasetName,dwc:verbatimLocality,dwc:country,dwc:stateProvince,dwc:county,dwc:verbatimLatitude,dwc:verbatimLongitude,dwc:eventDate,dwc:scientificName,dwc:decimalLatitude,dwc:decimalLongitude,dwc:fieldNotes,dwc:sex,dwc:identifiedBy,aocr:verbatimDateIdentified,dwc:dateIdentified
curatorial,,,,,,The New York Botanical Garden,,,,,,,,,,,,,,,,
barcode,01498110,,,,,NEW YORK BOTANICAL GARDEN,,,,,,,,,,,,,,,,
determination,,,,,Cynoctonum mitreola (L.)Britt.,,,,,,,,,,Cynoctonum mitreola (L.) Britton,,,,,,,
determination,,,,,Mitreola petiolata (J.F. Gmel.) Torr. & Gray,Herbarium Vadense (WAG),,,,,,,,,Mitreola petiolata (J.F. Gmel.) Torr. & A. Gray,,,,,A.J.M. Leeuwenberg,1974,1974
primary,,R.A.Howard,5719,July 1941,Cynoctonium mitreola (L.) Brit.,Collected for the Atkins Institution of the Arnold Arboretum in Santa Clara Province,PLANTS OF CUBA,"MINA CARLOTA, SE of CUMANAYAGUA, SIERRA DE SAN JUAN Alt. 3-400m.",CUBA,,,,,1941-07,Cynoctonum mitreola (L.) Britton,,,Fls. white; herb on rocks in creek.,,,,
