aocr:regionType,dwc:catalogNumber,dwc:recordedBy,dwc:recordNumber,dwc:verbatimEventDate,aocr:verbatimScientificName,aocr:verbatimInstitution,dwc:datasetName,dwc:verbatimLocality,dwc:country,dwc:stateProvince,dwc:county,dwc:verbatimLatitude,dwc:verbatimLongitude,dwc:eventDate,dwc:scientificName,dwc:decimalLatitude,dwc:decimalLongitude,dwc:fieldNotes,dwc:sex,dwc:identifiedBy,aocr:verbatimDateIdentified,dwc:dateIdentified
curatorial,,,,,,The New York Botanical Garden,,,,,,,,,,,,,,,,
curatorial,,,,,,SMITHSONIAN INSTITUTION From THE UNITED STATES NATIONAL HERBARIUM,,,,,,,,,,,,,,,,
barcode,00754870,,,,,NEW YORK BOTANICAL GARDEN,,,,,,,,,,,,,,,,
primary,,Thomas R. Soderstrom & D.P. Armstrong,2050,24 February 1974,Bambusa tulda Bentham,Smithsonian Institution,,PUERTO RICO Mayag�ez: Federal Experiment Station.,PUERTO RICO,Mayag�ez,,,,1974-02-24,Bambusa tulda Bentham,,,"Cultivated. Culms enormous, ca. 12-17m tall, 4.5-6 cm in diameter, green or covered with lichens, many stramineous, the largest clumps contain 100 or more very closely placed culms; sheaths cauducous, sheath blade appresed to culm. Spikelets in anthesis.",,,,
