aocr:regionType,dwc:catalogNumber,dwc:recordedBy,dwc:recordNumber,dwc:verbatimEventDate,aocr:verbatimScientificName,aocr:verbatimInstitution,dwc:datasetName,dwc:verbatimLocality,dwc:country,dwc:stateProvince,dwc:county,dwc:verbatimLatitude,dwc:verbatimLongitude,dwc:eventDate,dwc:scientificName,dwc:decimalLatitude,dwc:decimalLongitude,dwc:fieldNotes,dwc:sex,dwc:identifiedBy,aocr:verbatimDateIdentified,dwc:dateIdentified
curatorial,,,,,,The New York Botanical Garden,,,,,,,,,,,,,,,,
barcode,01498186,,,,,NEW YORK BOTANICAL GARDEN,,,,,,,,,,,,,,,,
determination,,,,,Spigelia anthelmia L.,,,,,,,,,,Spigelia anthelmia L.,,,,,F.J. FERN�NDEZ CASAS,30-V-2001,2001-05-30
primary,,Walter H. Lewis,7241,2 Jan. 1969,Spigelia anthelmia L.,MISSOURI BOTANICAL GARDEN HERBARIUM,PLANTS OF THE BAHAMA ISLANDS,"ELEUTHERA ISLAND: Ridley Head, opposite Spanish Wells. disturbed slopes above sea, shallow soil & limestone.",BAHAMA ISLANDS,,,,,1969-01-02,Spigelia anthelmia L.,,,"corolla white with pink stripes; occasional. disturbed slopes above sea, shallow soil & limestone.",,,,
