aocr:regionType,dwc:catalogNumber,dwc:recordedBy,dwc:recordNumber,dwc:verbatimEventDate,aocr:verbatimScientificName,aocr:verbatimInstitution,dwc:datasetName,dwc:verbatimLocality,dwc:country,dwc:stateProvince,dwc:county,dwc:verbatimLatitude,dwc:verbatimLongitude,dwc:eventDate,dwc:scientificName,dwc:decimalLatitude,dwc:decimalLongitude,dwc:fieldNotes,dwc:sex,dwc:identifiedBy,aocr:verbatimDateIdentified,dwc:dateIdentified
curatorial,,,,,,The New York Botanical Garden,,,,,,,,,,,,,,,,
barcode,00617450,,,,,NEW YORK BOTANICAL GARDEN,,,,,,,,,,,,,,,,
determination,,,,,Daucus carota L. subsp. carota,"Dept. Agriculture, Ottawa",,,,,,,,,Daucus carota L. subsp. carota,,,,,Ernest Small,Nov. 1976,1976-11
primary,,R. A. & E. S. Howard,8726,"Sept. 2, 1946",Daucus Carota L.,,,"DOMINICAN REPUBLIC prov. San Juan Alt. 3500' El Cercado, Juan Santiago, Hondo Valle.",DOMINICAN REPUBLIC,prov. San Juan,,,,1946-09-02,Daucus carota L.,,,3' h erb ; fls. White; in grassy areas near the river. Plants of pine woodlands.,,,,
