"aocr:regionType","dwc:catalogNumber","dwc:recordedBy","dwc:identifiedby","dwc:dateIdentified","dwc:recordNumber","dwc:verbatimEventDate","aocr:verbatimScientificName","aocr:verbatimInstitution","dwc:datasetName","dwc:verbatimLocality","dwc:country","dwc:verbatimElevation","dwc:stateProvince","dwc:county","dwc:municipality","dwc:verbatimLatitude","dwc:verbatimLongitude","dwc:eventDate","dwc:scientificName","dwc:decimalLatitude","dwc:decimalLongitude","dwc:fieldNotes","dwc:sex","dwc:habitat"
"curatorial",,,,,,,,"THE NEW YORK BOTANICAL GARDEN",,,,,,,,,,,,,,,,
"barcode","01498031",,,,,,,"NEW YORK BOTANICAL GARDEN",,,,,,,,,,,,,,,,
"determination",,,,,,,,,,,,,,,,,,,,,,,,
"primary",,"George R. Proctor",,,22206,"April 24, 1961","Linociera","INSTITUTE OF JAMAICA","FLORA OF JAMAICA","Clarks Wood district,
southeast of WOODSTOCK.","JAMAICA","1200-1400 ft.","WESTMORELAND",,,,,"1961-04-24",,,,"Tree 10 m. tall; fl. white, fragrant.",,"Wooded limestone hillside."
,,,,,,,,,,,,,,,,,,,,,,,,
,,,,,,,,,,,,,,,,,,,,,,,,
,,,,,,,,,,,,,,,,,,,,,,,,
,,,,,,,,,,,,,,,,,,,,,,,,
,,,,,,,,,,,,,,,,,,,,,,,,
,,,,,,,,,,,,,,,,,,,,,,,,
,,,,,,,,,,,,,,,,,,,,,,,,
,,,,,,,,,,,,,,,,,,,,,,,,
,,,,,,,,,,,,,,,,,,,,,,,,
,,,,,,,,,,,,,,,,,,,,,,,,
,,,,,,,,,,,,,,,,,,,,,,,,
,,,,,,,,,,,,,,,,,,,,,,,,
,,,,,,,,,,,,,,,,,,,,,,,,
"     ",,,,,,,,,,,,,,,,,,,,,,,,
,,,,,,,,,,,,,,,,,,,,,,,,
,,,,,,,,,,,,,,,,,,,,,,,,
,,,,,,,,,,,,,,,,,,,,,,,,
,,,,,,,,,,,,,,,,,,,,,,,,
,,,,,,,,,,,,,,,,,,,,,,,,
,,,,,,,,,,,,,,,,,,,,,,,,
,,,,,,,,,,,,,,,,,,,,,,,,
,,,,,,,,,,,,,,,,,,,,,,,,
,,,,,,,,,,,,,,,,,,,,,,,,
"     ",,,,,,,,,,,,,,,,,,,,,,,,
