aocr:regionType,dwc:catalogNumber,dwc:recordedBy,dwc:recordNumber,dwc:verbatimEventDate,aocr:verbatimScientificName,aocr:verbatimInstitution,dwc:datasetName,dwc:verbatimLocality,dwc:country,dwc:stateProvince,dwc:county,dwc:verbatimLatitude,dwc:verbatimLongitude,dwc:eventDate,dwc:scientificName,dwc:decimalLatitude,dwc:decimalLongitude,dwc:fieldNotes,dwc:sex,dwc:identifiedBy,aocr:verbatimDateIdentified,dwc:dateIdentified
curatorial,,,,,,The New York Botanical Garden,,,,,,,,,,,,,,,,
barcode,01334374,,,,,NEW YORK BOTANICAL GARDEN,,,,,,,,,,,,,,,,
determination,,,,,Capraria biflora L.,"The University of Texas Herbarium (LL, TEX)",,,,,,,,,Capraria biflora L.,,,,,J. Williams & B.L. Turner,30 Jul 1996,1996-07-30
primary,,George R. Cooley,8141,12 January 1962,Capraria biflora L.,,Plants of the West Indies,"St. Vincent St. George Parish, Calli-aqua Bay, littoral.",St. Vincent,St. George Parish,,,,1962-01-12,Capraria biflora L.,,,Stem ligneous Flowers white. Plant of moderate height.,,,,
