aocr:regionType,dwc:catalogNumber,dwc:recordedBy,dwc:recordNumber,dwc:verbatimEventDate,aocr:verbatimScientificName,aocr:verbatimInstitution,dwc:datasetName,dwc:verbatimLocality,dwc:country,dwc:stateProvince,dwc:county,dwc:verbatimLatitude,dwc:verbatimLongitude,dwc:eventDate,dwc:scientificName,dwc:decimalLatitude,dwc:decimalLongitude,dwc:fieldNotes,dwc:sex,dwc:identifiedBy,aocr:verbatimDateIdentified,dwc:dateIdentified
curatorial,,,,,,The New York Botanical Garden,,,,,,,,,,,,,,,,,,
barcode,01334389,,,,,NEW YORK BOTANICAL GARDEN,,,,,,,,,,,,,,,,,,
determination,,,,,Capraria biflora L.,"The University of Texas Herbarium (LL, TEX)",,,,,,,,,Capraria biflora L.,,,,,J. Williams & B.L. Turner,30 Jul 1996,1996-07-30
primary,,A.L.Stoffers,1572,17 Jan. 1953,Capraria biflora L.,EX HERB. ACAD. RHENO-TRAI.,,"Along roads near Noord. Neth,Antilles.",Aruba,,,,,1953-01-17,Capraria biflora L.,,,,,A.L.Stoffers,Dec. 1953,1953-12
