aocr:regionType,dwc:catalogNumber,dwc:recordedBy,dwc:recordNumber,dwc:verbatimEventDate,aocr:verbatimScientificName,aocr:verbatimInstitution,dwc:datasetName,dwc:verbatimLocality,dwc:country,dwc:stateProvince,dwc:county,dwc:verbatimLatitude,dwc:verbatimLongitude,dwc:eventDate,dwc:scientificName,dwc:decimalLatitude,dwc:decimalLongitude,dwc:fieldNotes,dwc:sex,dwc:identifiedBy,dwc:dateIdentified,dwc:habitat,dwc:verbatimElevation
curatorial,,,,,,The New York Botanical Garden,,,,,,,,,,,,,,,,,
barcode,01498027,,,,,NEW YORK BOTANICAL GARDEN,,,,,,,,,,,,,,,,,
determination,,,,,"Haenianthus salicifolius, Griseb",,,,,,,,,,,,,,,,,,
determination,,,,,Oleae Mayepea ligustrina (Sw.)Kuntze,,,,,,,,,,,,,,,,,,
primary,,"
C. WRIGHT ",409,1856-7,Linociera ligustrina Sw.,,Plantae Cubenses Wrightianae.,in Cuba Orientali,Cuba,,,,,1856/1857,,,,united at base,,,,,
