aocr:regionType,dwc:catalogNumber,dwc:recordedBy,dwc:recordNumber,dwc:verbatimEventDate,aocr:verbatimScientificName,aocr:verbatimInstitution,dwc:datasetName,dwc:verbatimLocality,dwc:country,dwc:stateProvince,dwc:county,dwc:verbatimLatitude,dwc:verbatimLongitude,dwc:eventDate,dwc:scientificName,dwc:decimalLatitude,dwc:decimalLongitude,dwc:fieldNotes,dwc:sex,dwc:identifiedBy,aocr:verbatimDateIdentified,dwc:dateIdentified
curatorial,,,,,The New York Botanical Garden,,,,,,,,,,,,,,,,,
barcode,01334326,,,,NEW YORK BOTANICAL GARDEN,,,,,,,,,,,,,,,,,
determination,,,,,B. floridana Gand.,,,,,,,,,,Buchnera floridana Gand.,,,,,FWP,1931,1931
determination,,,,,B. e. obtusa Pennell,,,,,,,,,,Buchnera elongata Sw. var. obtusa Pennell,,,,,FWP,1919,1919
primary,,N. L. BRITTON L. J. K. BRACE,203,Aug. 24 1904,Buchnera elongata Sw.,THE NEW YORK BOTANICAL GARDEN,EXPLORATION OF THE BAHAMAS,New Providence Farringdon Road,BAHAMAS,New Providence,,,,,Buchnera elongata Sw.,,,Rocky soil,,,,
