"aocr:regionType","dwc:catalogNumber","dwc:recordedBy","dwc:identifiedby","dwc:dateIdentified","dwc:recordNumber","dwc:verbatimEventDate","aocr:verbatimScientificName","aocr:verbatimInstitution","dwc:datasetName","dwc:verbatimLocality","dwc:country","dwc:verbatimElevation","dwc:stateProvince","dwc:county","dwc:municipality","dwc:verbatimLatitude","dwc:verbatimLongitude","dwc:eventDate","dwc:scientificName","dwc:decimalLatitude","dwc:decimalLongitude","dwc:fieldNotes","dwc:sex","dwc:habitat"
"curatorial",,,,,,,,"THE NEW YORK BOTANICAL GARDEN",,,,,,,,,,,,,,,,
"barcode","01498043",,,,,,,"NEW YORK BOTANICAL GARDEN",,,,,,,,,,,,,,,,
"determination",,,,,,,,,,,,,,,,,,,,,,,,
"primary",,"Stewardson Brown
N. L. Britton",,,382,"AUG. 31-SEPT. 20, 1905","Olea europaea L.","NEW YORK BOTANICAL GARDEN ACADEMY OF NATURAL SCIENCES OF PHILADELPHIA","EXPLORATION OF BERMUDA","Rocky thicket, Sand Hills, Paget.","BERMUDA",,,"Paget",,,,"1905-08-31/1905-09-20","Olea europaea L.",,,,,"Rocky thicket"
,,,,,,,,,,,,,,,,,,,,,,,,
,,,,,,,,,,,,,,,,,,,,,,,,
,,,,,,,,,,,,,,,,,,,,,,,,
,,,,,,,,,,,,,,,,,,,,,,,,
,,,,,,,,,,,,,,,,,,,,,,,,
,,,,,,,,,,,,,,,,,,,,,,,,
,,,,,,,,,,,,,,,,,,,,,,,,
,,,,,,,,,,,,,,,,,,,,,,,,
,,,,,,,,,,,,,,,,,,,,,,,,
,,,,,,,,,,,,,,,,,,,,,,,,
,,,,,,,,,,,,,,,,,,,,,,,,
,,,,,,,,,,,,,,,,,,,,,,,,
,,,,,,,,,,,,,,,,,,,,,,,,
"     ",,,,,,,,,,,,,,,,,,,,,,,,
,,,,,,,,,,,,,,,,,,,,,,,,
,,,,,,,,,,,,,,,,,,,,,,,,
,,,,,,,,,,,,,,,,,,,,,,,,
,,,,,,,,,,,,,,,,,,,,,,,,
,,,,,,,,,,,,,,,,,,,,,,,,
,,,,,,,,,,,,,,,,,,,,,,,,
,,,,,,,,,,,,,,,,,,,,,,,,
,,,,,,,,,,,,,,,,,,,,,,,,
,,,,,,,,,,,,,,,,,,,,,,,,
"     ",,,,,,,,,,,,,,,,,,,,,,,,
