aocr:regionType,dwc:catalogNumber,dwc:recordedBy,dwc:recordNumber,dwc:verbatimEventDate,aocr:verbatimScientificName,aocr:verbatimInstitution,dwc:datasetName,dwc:verbatimLocality,dwc:country,dwc:stateProvince,dwc:county,dwc:verbatimLatitude,dwc:verbatimLongitude,dwc:eventDate,dwc:scientificName,dwc:decimalLatitude,dwc:decimalLongitude,dwc:fieldNotes,dwc:sex,dwc:identifiedBy,aocr:verbatimDateIdentified,dwc:dateIdentified
curatorial,,,,,,The New York Botanical Garden,,,,,,,,,,,,,,,,
curatorial,,,,,,HERBARIUM UNIVERSITY OF ILLINOIS,,,,,,,,,,,,,,,,
barcode,01334318,,,,,NEW YORK BOTANICAL GARDEN,,,,,,,,,,,,,,,,
primary,,D. L. Nickrent,2634,"June 13, 1987",Buchnera floridana Gandoger.,,"FLORA OF ANDROS ISLAND, BAHAMAS",Area around the San Andros Motel.,BAHAMAS,ANDROS ISLAND,,,,1987-06-13,Buchnera floridana Gandoger.,,,,,D. L. Nickrent,,
