"aocr:regionType","dwc:catalogNumber","dwc:recordedBy","dwc:recordNumber","dwc:verbatimEventDate","aocr:verbatimScientificName","aocr:verbatimInstitution","dwc:datasetName","dwc:verbatimLocality","dwc:country","dwc:stateProvince","dwc:county","dwc:verbatimLatitude","dwc:verbatimLongitude","dwc:eventDate","dwc:scientificName","dwc:decimalLatitude","dwc:decimalLongitude","dwc:fieldNotes","dwc:sex","dwc:identifiedBy","dwc:dateIdentified","aocr:VerbatimdateIdentified"
"curatorial",,,,,,"The New York Botanical Garden",,,,,,,,,,,,,,,,
"curatorial",,,,,,"NEW YORK BOTANICAL GARDEN",,,,,,,,,,,,,,,,
"curatorial",,,,,,"DEPAUW UNIV. HERBARIUM.",,,,,,,,,,,,,,,,
"curatorial",,,,,,"TRUMAN G. YUNCKER HERBARIUM OF DEPAUW UNIVERSITY (DPU)",,,,,,,,,,,,,,,,
"determination",,,,,"Capraria biflora L.","The University of Texas Herbarium (LL, TEX)",,,,,,,,,,,,,,"J. Williams & B.L. Turner","1996-07-30","30 Jul 1996"
"barcode","01334383",,,,,"NEW YORK BOTANICAL GARDEN",,,,,,,,,,,,,,,,
"primary",,"T. G. YUNCKER",18186,"Feb. 15, 1958","Capraria biflora L.",,"PLANTS OF JAMAICA","Parish: St. Thomas Montego Point. Alt. 0-20 ft.","JAMAICA","St. Thomas",,,,"1958-02-15","Capraria biflora L.",,,"Shrub, about 2 ft. high; flowers white, faintly tinged with pink. In open area",,,,
