"aocr:regionType","dwc:catalogNumber","aocr:verbatimRecordedBy","dwc:recordedBy","dwc:identifiedBy","aocr:verbatimDateIdentified","dwc:dateIdentified","dwc:recordNumber","dwc:verbatimEventDate","aocr:verbatimScientificName","aocr:verbatimInstitution","dwc:datasetName","dwc:verbatimLocality","dwc:country","dwc:stateProvince","dwc:county","dwc:municipality","dwc:verbatimLatitude","dwc:verbatimLongitude","dwc:eventDate","dwc:scientificName","dwc:decimalLatitude","dwc:decimalLongitude","dwc:fieldNotes","dwc:sex","dwc:verbatimElevation","dwc:habitat"
"curatorial",,,,,,,,,,"THE NEW YORK BOTANICAL GARDEN",,,,,,,,,,,,,,,,
"barcode","01497992",,,,,,,,,"NEW YORK BOTANICAL GARDEN",,,,,,,,,,,,,,,,
"determination",,,,"C + M",1939,1939,,,"Linociera domingensis (Lam.) Knobl.",,,,,,,,,,,"Linociera domingensis (Lam.) Knobl.",,,,,,
"primary",,"N.L. BRITTON E.G. BRITTON","N.L. BRITTON; E.G. BRITTON",,,,5168,"March 7, 1910","Mayepea domingensis (Lam) Krug & Urban","THE NEW YORK BOTANICAL GARDEN","EXPLORATION OF CUBA","TRINIDAD MOUNTAINS, SANTA CLARA
ARROYO TRINTARIO, RIO NEGRO, 550 METERS ALTITUDE",,,,,,,"1910-03-07","Mayepea domingensis (Lam) Krug & Urban",,,"Tree 10m.,petals white",,"550 METERS","Ravine"
,,,,,,,,,,,,,,,,,,,,,,,,,,
,,,,,,,,,,,,,,,,,,,,,,,,,,
,,,,,,,,,,,,,,,,,,,,,,,,,,
,,,,,,,,,,,,,,,,,,,,,,,,,,
,,,,,,,,,,,,,,,,,,,,,,,,,,
,,,,,,,,,,,,,,,,,,,,,,,,,,
,,,,,,,,,,,,,,,,,,,,,,,,,,
,,,,,,,,,,,,,,,,,,,,,,,,,,
,,,,,,,,,,,,,,,,,,,,,,,,,,
,,,,,,,,,,,,,,,,,,,,,,,,,,
,,,,,,,,,,,,,,,,,,,,,,,,,,
,,,,,,,,,,,,,,,,,,,,,,,,,,
,,,,,,,,,,,,,,,,,,,,,,,,,,
,,,,,,,,,,,,,,,,,,,,,,,,,,
"     ",,,,,,,,,,,,,,,,,,,,,,,,,,
,,,,,,,,,,,,,,,,,,,,,,,,,,
,,,,,,,,,,,,,,,,,,,,,,,,,,
,,,,,,,,,,,,,,,,,,,,,,,,,,
,,,,,,,,,,,,,,,,,,,,,,,,,,
,,,,,,,,,,,,,,,,,,,,,,,,,,
,,,,,,,,,,,,,,,,,,,,,,,,,,
,,,,,,,,,,,,,,,,,,,,,,,,,,
,,,,,,,,,,,,,,,,,,,,,,,,,,
,,,,,,,,,,,,,,,,,,,,,,,,,,
"     ",,,,,,,,,,,,,,,,,,,,,,,,,,
