"aocr:regionType","dwc:catalogNumber","dwc:recordedBy","dwc:identifiedby","dwc:dateIdentified","dwc:recordNumber","dwc:verbatimEventDate","aocr:verbatimScientificName","aocr:verbatimInstitution","dwc:datasetName","dwc:verbatimLocality","dwc:country","dwc:verbatimElevation","dwc:stateProvince","dwc:county","dwc:municipality","dwc:verbatimLatitude","dwc:verbatimLongitude","dwc:eventDate","dwc:scientificName","dwc:decimalLatitude","dwc:decimalLongitude","dwc:fieldNotes","dwc:sex","dwc:habitat"
"curatorial",,,,,,,,"THE NEW YORK BOTANICAL GARDEN",,,,,,,,,,,,,,,,
"barcode","01498069",,,,,,,"NEW YORK BOTANICAL GARDEN",,,,,,,,,,,,,,,,
"determination",,,,,,,,,,,,,,,,,,,,,,,,
"primary",,"Reben Sauleda
(with Ralph M. & Patricia Adams)","D.S. Correll",,2826,"August 4, 1979","Mitreola petiolata (J.F. Bmel.) T. & G.","FAIRCHILD TROPICAL GARDEN","PLANTS OF THE WEST INDIES","Bahamas: Little Abaco, 2.7 miles north of
Cat (causeway).","WEST INDIES",,,,,,,"1979-08-04",,,,,,
,,,,,,,,,,,,,,,,,,,,,,,,
,,,,,,,,,,,,,,,,,,,,,,,,
,,,,,,,,,,,,,,,,,,,,,,,,
,,,,,,,,,,,,,,,,,,,,,,,,
,,,,,,,,,,,,,,,,,,,,,,,,
,,,,,,,,,,,,,,,,,,,,,,,,
,,,,,,,,,,,,,,,,,,,,,,,,
,,,,,,,,,,,,,,,,,,,,,,,,
,,,,,,,,,,,,,,,,,,,,,,,,
,,,,,,,,,,,,,,,,,,,,,,,,
,,,,,,,,,,,,,,,,,,,,,,,,
,,,,,,,,,,,,,,,,,,,,,,,,
,,,,,,,,,,,,,,,,,,,,,,,,
"     ",,,,,,,,,,,,,,,,,,,,,,,,
,,,,,,,,,,,,,,,,,,,,,,,,
,,,,,,,,,,,,,,,,,,,,,,,,
,,,,,,,,,,,,,,,,,,,,,,,,
,,,,,,,,,,,,,,,,,,,,,,,,
,,,,,,,,,,,,,,,,,,,,,,,,
,,,,,,,,,,,,,,,,,,,,,,,,
,,,,,,,,,,,,,,,,,,,,,,,,
,,,,,,,,,,,,,,,,,,,,,,,,
,,,,,,,,,,,,,,,,,,,,,,,,
"     ",,,,,,,,,,,,,,,,,,,,,,,,
