aocr:regionType,dwc:catalogNumber,dwc:recordedBy,dwc:identifiedby,dwc:dateIdentified,dwc:recordNumber,dwc:verbatimEventDate,aocr:verbatimScientificName,aocr:verbatimInstitution,dwc:datasetName,dwc:verbatimLocality,dwc:country,dwc:verbatimElevation,dwc:stateProvince,dwc:county,dwc:municipality,dwc:verbatimLatitude,dwc:verbatimLongitude,dwc:eventDate,dwc:scientificName,dwc:decimalLatitude,dwc:decimalLongitude,dwc:fieldNotes,dwc:sex,dwc:habitat
curatorial,,,,,,,,THE NEW YORK BOTANICAL GARDEN,,,,,,,,,,,,,,,,
barcode,01498065,,,,,,,NEW YORK BOTANICAL GARDEN,,,,,,,,,,,,,,,,
determination,,,,,,,,,,,,,,,,,,,,,,,,
primary,,D. S. Correll & G. R. Proctor,,,47839,"December 8, 1976",Cynoctonum mitreola (L.) Britt.,FAIRCHILD TROPICAL GARDEN,PLANTS OF BAHAMA ISLANDS,"North Andros: in swale in savannah along Bail
Road, south of Twin Lakes Farm turn-off.",Bahama Islands,,,,,,,1976-12-08,Cynoctonum mitreola (L) Britt.,,,"
Flowers whitish.",,in swale in savannah
,,,,,,,,,,,,,,,,,,,,,,,,
,,,,,,,,,,,,,,,,,,,,,,,,
,,,,,,,,,,,,,,,,,,,,,,,,
,,,,,,,,,,,,,,,,,,,,,,,,
,,,,,,,,,,,,,,,,,,,,,,,,
,,,,,,,,,,,,,,,,,,,,,,,,
,,,,,,,,,,,,,,,,,,,,,,,,
,,,,,,,,,,,,,,,,,,,,,,,,
,,,,,,,,,,,,,,,,,,,,,,,,
,,,,,,,,,,,,,,,,,,,,,,,,
,,,,,,,,,,,,,,,,,,,,,,,,
,,,,,,,,,,,,,,,,,,,,,,,,
,,,,,,,,,,,,,,,,,,,,,,,,
     ,,,,,,,,,,,,,,,,,,,,,,,,
,,,,,,,,,,,,,,,,,,,,,,,,
,,,,,,,,,,,,,,,,,,,,,,,,
,,,,,,,,,,,,,,,,,,,,,,,,
,,,,,,,,,,,,,,,,,,,,,,,,
,,,,,,,,,,,,,,,,,,,,,,,,
,,,,,,,,,,,,,,,,,,,,,,,,
,,,,,,,,,,,,,,,,,,,,,,,,
,,,,,,,,,,,,,,,,,,,,,,,,
,,,,,,,,,,,,,,,,,,,,,,,,
     ,,,,,,,,,,,,,,,,,,,,,,,,
