aocr:regionType,dwc:catalogNumber,dwc:recordedBy,dwc:recordNumber,dwc:verbatimEventDate,aocr:verbatimScientificName,aocr:verbatimInstitution,dwc:datasetName,dwc:verbatimLocality,dwc:country,dwc:stateProvince,dwc:county,dwc:verbatimLatitude,dwc:verbatimLongitude,dwc:eventDate,dwc:scientificName,dwc:decimalLatitude,dwc:decimalLongitude,dwc:fieldNotes,dwc:sex,dwc:identifiedBy,aocr:verbatimDateIdentified,dwc:dateIdentified
curatorial,,,,,,The New York Botanical Garden,,,,,,,,,,,,,,,,
barcode,01498176,,,,,NEW YORK BOTANICAL GARDEN,,,,,,,,,,,,,,,,
determination,,,,,Spigelia anthelmia L.,,,,,,,,,,Spigelia anthelmia L.,,,,,F.J. FERN�NDEZ CASAS,30-V-2001,2001-05-30
determination,,,,,Spigelia anthelmia L.,APPALACHIAN STATE UNIVERSITY HERBARIUM,,,,,,,,,Spigelia anthelmia L.,,,,,Homer Hurley,12/68,1968-12
primary,,N.L. BRITTON AND J.F. COWELL,243,"SEPT. 8 - OCT. 5, 1901",Spigelia anthelmia L.,NEW YORK BOTANICAL GARDEN,PLANTS OF ST. KITT'S,Cane fields near Basseterre,ST. KITT'S,,,,,1901-09-08/1901-10-05,Spigelia anthelmia L.,,,,,,,
