aocr:regionType,dwc:catalogNumber,dwc:recordedBy,dwc:recordNumber,dwc:verbatimEventDate,aocr:verbatimScientificName,aocr:verbatimInstitution,dwc:datasetName,dwc:verbatimLocality,dwc:country,dwc:stateProvince,dwc:county,dwc:verbatimLatitude,dwc:verbatimLongitude,dwc:eventDate,dwc:scientificName,dwc:decimalLatitude,dwc:decimalLongitude,dwc:fieldNotes,dwc:sex,dwc:identifiedBy,aocr:verbatimDateIdentified,dwc:dateIdentified
curatorial,,,,,,The New York Botanical Garden,,,,,,,,,,,,,,,,
barcode,00499088,,,,,NEW YORK BOTANICAL GARDEN,,,,,,,,,,,,,,,,
determination,,,,,Anisantherina hispidula (Mart.),,,,,,,,,,Anisantherina hispidula (Mart.),,,,,FWP.,1914,1914
primary,,N.L. BRITTON E.G. BRITTON C.S. GAGER,7240,"SEPT. 5-12, 1910",Gerardia hispidula Mart,THE NEW YORK BOTANICAL GARDEN,EXPLORATION OF CUBA,PROVINCE OF PINAR DEL RIO VICINITY OF PINAR DEL RIO Border of pineland lagoon,CUBA,PROVINCE OF PINAR DEL RIO,,,,1910-09-05/1910-09-12,Gerardia hispidula Mart,,,"Corolla purplish, 1.2 cm long",,,,
