aocr:regionType,dwc:catalogNumber,dwc:recordedBy,dwc:recordNumber,dwc:verbatimEventDate,aocr:verbatimScientificName,aocr:verbatimInstitution,dwc:datasetName,dwc:verbatimLocality,dwc:country,dwc:stateProvince,dwc:county,dwc:verbatimLatitude,dwc:verbatimLongitude,dwc:eventDate,dwc:scientificName,dwc:decimalLatitude,dwc:decimalLongitude,dwc:fieldNotes,dwc:sex,dwc:identifiedBy,aocr:verbatimDateIdentified,dwc:dateIdentified
curatorial,,,,,,The New York Botanical Garden,,,,,,,,,,,,,,,,
curatorial,,,,,,"HERBARIUM COLUMBIA UNIVERSITY, NEW YORK.",,,,,,,,,,,,,,,,
barcode,01498155,,,,,NEW YORK BOTANICAL GARDEN,,,,,,,,,,,,,,,,
determination,,,,,Spigelia anthelmia L.,,,,,,,,,,Spigelia anthelmia L.,,,,,F.J. FERN�NDEZ CASAS,30-V-2001,2001-05-30
determination,,,,,Spigelia anthelmia L.,APPALACHIAN STATE UNIVERSITY HERBARIUM,,,,,,,,,Spigelia anthelmia L.,,,,,Homer Hurley ,12/68,1968-12
primary,,"H. H. & G. W. SMITH. COMM. F. D. GODMAN, F.R.S.",45431,,,EX HERB. HORT. REG. KEW.,,,,,,,,,,,,,,,,
